"SOURCE_ID","YEAR","LAT_DD","LON_DD","WATERBODY","SPAWNING_NAME","SOURCE"
168,1868,43.282,-79.896,"Lake Ontario","Spawning","CORHIST"
168,1868,43.281,-79.895,"Lake Ontario","Spawning","CORHIST"
168,1869,43.275,-79.881,"Lake Ontario","Spawning","CORHIST"
33,1927,44.137,-77.242,"Lake Ontario","Spawning","CORHIST"
167,1865,43.279,-79.885,"Lake Ontario","Spawning","CORHIST"
167,1865,43.281,-79.886,"Lake Ontario","Spawning","CORHIST"
171,1897,44.074,-76.206,"Lake Ontario","Spawning","CORHIST"
171,1897,44.034,-76.351,"Lake Ontario","Spawning","CORHIST"
202,1895,44.069,-76.21,"Lake Ontario","Spawning","CORHIST"
171,1897,43.957,-76.272,"Lake Ontario","Spawning","CORHIST"
167,1864,43.36,-79.606,"Lake Ontario","Spawning","CORHIST"
167,1864,43.431,-79.632,"Lake Ontario","Spawning","CORHIST"
168,1868,43.295,-79.803,"Lake Ontario","Spawning","CORHIST"
119,1936,43.222,-77.53,"Lake Ontario","Possible spawning","CORHIST"
119,1935,43.186,-77.524,"Lake Ontario","Spawning","CORHIST"
119,1936,43.232,-77.536,"Lake Ontario","Spawning","CORHIST"
158,NA,43.228,-77.536,"Lake Ontario","Spawning","CORHIST"
158,1900,44.133,-77.256,"Lake Ontario","Spawning","CORHIST"
158,1900,44.136,-77.242,"Lake Ontario","Spawning","CORHIST"
171,1897,43.921,-76.302,"Lake Ontario","Spawning","CORHIST"
171,1897,44.045,-76.192,"Lake Ontario","Spawning","CORHIST"
158,NA,43.344,-78.831,"Lake Ontario","Possible spawning","CORHIST"
158,NA,43.65,-76.183,"Lake Ontario","Spawning","CORHIST"
158,NA,43.668,-76.207,"Lake Ontario","Spawning","CORHIST"
158,1880,43.611,-79.383,"Lake Ontario","Spawning","CORHIST"
158,1880,43.628,-79.376,"Lake Ontario","Spawning","CORHIST"
158,1926,43.539,-79.572,"Lake Ontario","Spawning","CORHIST"
158,1930,44.095,-76.772,"Lake Ontario","Spawning","CORHIST"
158,NA,43.25,-76.967,"Lake Ontario","Spawning","CORHIST"
158,1900,43.327,-76.711,"Lake Ontario","Spawning","CORHIST"
158,1880,43.845,-76.392,"Lake Ontario","Spawning","CORHIST"
158,1880,43.954,-76.281,"Lake Ontario","Spawning","CORHIST"
158,1880,44.032,-76.391,"Lake Ontario","Spawning","CORHIST"
158,1880,44.044,-76.203,"Lake Ontario","Spawning","CORHIST"
158,1880,44.072,-76.206,"Lake Ontario","Spawning","CORHIST"
158,1917,43.236,-79.634,"Lake Ontario","Spawning","CORHIST"
158,1860,43.28,-79.886,"Lake Ontario","Spawning","CORHIST"
158,1860,43.292,-79.789,"Lake Ontario","Spawning","CORHIST"
158,1860,43.276,-79.906,"Lake Ontario","Spawning","CORHIST"
158,1860,43.272,-79.925,"Lake Ontario","Spawning","CORHIST"
158,1920,44.004,-77.543,"Lake Ontario","Spawning","CORHIST"
158,1920,44.013,-77.716,"Lake Ontario","Spawning","CORHIST"
158,1970,44.001,-77.602,"Lake Ontario","Spawning","CORHIST"
158,1970,44.02,-77.634,"Lake Ontario","Spawning","CORHIST"
158,1900,44.151,-77.333,"Lake Ontario","Spawning","CORHIST"
158,1900,44.151,-77.383,"Lake Ontario","Spawning","CORHIST"
170,1874,43.277,-79.902,"Lake Ontario","Spawning","CORHIST"
206,1924,43.246,-76.95,"Lake Ontario","Spawning","CORHIST"
206,1924,43.331,-76.705,"Lake Ontario","Spawning","CORHIST"
119,1936,43.222,-77.531,"Lake Ontario","Possible spawning","CORHIST"
158,NA,43.526,-76.284,"Lake Ontario","Possible spawning","CORHIST"
158,1900,44.095,-77.561,"Lake Ontario","Possible spawning","CORHIST"
167,1865,43.28,-79.889,"Lake Ontario","Possible spawning","CORHIST"
167,1865,43.275,-79.884,"Lake Ontario","Possible spawning","CORHIST"
201,1885,43.3,-77.673,"Lake Ontario","Possible spawning","CORHIST"
