"FISH_ID","OP_DATE","DAY","MONTH","YEAR","BEG_LATITUDE_DD","BEG_LONGITUDE_DD","MATURITY_NAME","SPECIES","DESIGNATION","SOURCE","EVIDENCE","ID"
557636,"19-OCT-15","19","OCT","15",43.565072,-76.455477,NA,"LWF","possible spawning","RVCATver3.0","spawning month",NA
557740,"19-OCT-15","19","OCT","15",43.538703,-76.43465,NA,"LWF","possible spawning","RVCATver3.0","spawning month",NA
558300,"08-OCT-15","08","OCT","15",43.283857,-79.746553,NA,"LWF","possible spawning","RVCATver3.0","spawning month",NA
558327,"08-OCT-15","08","OCT","15",43.279338,-79.706162,NA,"LWF","possible spawning","RVCATver3.0","spawning month",NA
558339,"08-OCT-15","08","OCT","15",43.603757,-79.431812,NA,"LWF","possible spawning","RVCATver3.0","spawning month",NA
558952,"08-OCT-15","08","OCT","15",44.0437,-76.859883,NA,"LWF","possible spawning","RVCATver3.0","spawning month",NA
560124,"05-OCT-15","05","OCT","15",43.961283,-76.5035,NA,"LWF","possible spawning","RVCATver3.0","spawning month",NA
606884,"17-OCT-17","17","OCT","17",43.53756,-76.396463,NA,"LWF","possible spawning","RVCATver3.0","spawning month",NA
606979,"18-OCT-17","18","OCT","17",43.542832,-76.471845,NA,"LWF","possible spawning","RVCATver3.0","spawning month",NA
653303,"24-OCT-18","24","OCT","18",44.082,-76.91755,NA,"LWF","possible spawning","RVCATver3.0","spawning month",NA
653310,"25-OCT-18","25","OCT","18",44.0988,-76.896083,NA,"LWF","possible spawning","RVCATver3.0","spawning month",NA
653311,"25-OCT-18","25","OCT","18",44.08415,-76.916017,NA,"LWF","possible spawning","RVCATver3.0","spawning month",NA
653317,"25-OCT-18","25","OCT","18",44.086283,-76.936133,NA,"LWF","possible spawning","RVCATver3.0","spawning month",NA
223248,"12-NOV-18","12","NOV","18",43.990117,-76.202733,"Mature","LWF","possible spawning","RVCATver3.0","spawning month",NA
223270,"12-NOV-18","12","NOV","18",43.990367,-76.202783,NA,"LWF","possible spawning","RVCATver3.0","spawning month",NA
223308,"12-NOV-18","12","NOV","18",44.028917,-76.169983,"Mature","LWF","possible spawning","RVCATver3.0","spawning month",NA
223320,"12-NOV-18","12","NOV","18",44.0346,-76.189767,"Mature","LWF","possible spawning","RVCATver3.0","spawning month",NA
223506,"15-NOV-18","15","NOV","18",44.033983,-76.13445,"Mature","LWF","possible spawning","RVCATver3.0","spawning month",NA
223555,"15-NOV-18","15","NOV","18",44.054867,-76.214983,"Mature","LWF","possible spawning","RVCATver3.0","spawning month",NA
225228,"13-NOV-18","13","NOV","18",43.26625,-76.960867,"Mature","LWF","possible spawning","RVCATver3.0","spawning month",NA
NA,NA,NA,NA,NA,43.339,-78.715,NA,"LWF","possible spawning","Brown, T.A., Sethi, S.A., Rudstam, L.G., Holden, J.P., Connerton, M.J., Gorsky, D., Karboski, C.T., Chalupnicki, M.A., Sard, N.M., Roseman, E.F. and Prindle, S.E., 2022. Contemporary spatial extent and environmental drivers of larval coregonine distributions across Lake Ontario. Journal of Great Lakes Research, 48(2), pp.359-370.","larvae",79
NA,NA,NA,NA,NA,43.259,-76.944,NA,"LWF","possible spawning","Brown, T.A., Sethi, S.A., Rudstam, L.G., Holden, J.P., Connerton, M.J., Gorsky, D., Karboski, C.T., Chalupnicki, M.A., Sard, N.M., Roseman, E.F. and Prindle, S.E., 2022. Contemporary spatial extent and environmental drivers of larval coregonine distributions across Lake Ontario. Journal of Great Lakes Research, 48(2), pp.359-370.","larvae",80
NA,NA,NA,NA,NA,43.999,-77.743,NA,"LWF","possible spawning","Brown, T.A., Sethi, S.A., Rudstam, L.G., Holden, J.P., Connerton, M.J., Gorsky, D., Karboski, C.T., Chalupnicki, M.A., Sard, N.M., Roseman, E.F. and Prindle, S.E., 2022. Contemporary spatial extent and environmental drivers of larval coregonine distributions across Lake Ontario. Journal of Great Lakes Research, 48(2), pp.359-370.","larvae",81
NA,NA,NA,NA,NA,44.109,-77.483,NA,"LWF","possible spawning","Brown, T.A., Sethi, S.A., Rudstam, L.G., Holden, J.P., Connerton, M.J., Gorsky, D., Karboski, C.T., Chalupnicki, M.A., Sard, N.M., Roseman, E.F. and Prindle, S.E., 2022. Contemporary spatial extent and environmental drivers of larval coregonine distributions across Lake Ontario. Journal of Great Lakes Research, 48(2), pp.359-370.","larvae",82
NA,NA,NA,NA,NA,44.15,-77.393,NA,"LWF","possible spawning","Brown, T.A., Sethi, S.A., Rudstam, L.G., Holden, J.P., Connerton, M.J., Gorsky, D., Karboski, C.T., Chalupnicki, M.A., Sard, N.M., Roseman, E.F. and Prindle, S.E., 2022. Contemporary spatial extent and environmental drivers of larval coregonine distributions across Lake Ontario. Journal of Great Lakes Research, 48(2), pp.359-370.","larvae",83
NA,NA,NA,NA,NA,44.131,-77.253,NA,"LWF","possible spawning","Brown, T.A., Sethi, S.A., Rudstam, L.G., Holden, J.P., Connerton, M.J., Gorsky, D., Karboski, C.T., Chalupnicki, M.A., Sard, N.M., Roseman, E.F. and Prindle, S.E., 2022. Contemporary spatial extent and environmental drivers of larval coregonine distributions across Lake Ontario. Journal of Great Lakes Research, 48(2), pp.359-370.","larvae",84
NA,NA,NA,NA,NA,44.145,-77.199,NA,"LWF","possible spawning","Brown, T.A., Sethi, S.A., Rudstam, L.G., Holden, J.P., Connerton, M.J., Gorsky, D., Karboski, C.T., Chalupnicki, M.A., Sard, N.M., Roseman, E.F. and Prindle, S.E., 2022. Contemporary spatial extent and environmental drivers of larval coregonine distributions across Lake Ontario. Journal of Great Lakes Research, 48(2), pp.359-370.","larvae",85
NA,NA,NA,NA,NA,44.166,-77.22,NA,"LWF","possible spawning","Brown, T.A., Sethi, S.A., Rudstam, L.G., Holden, J.P., Connerton, M.J., Gorsky, D., Karboski, C.T., Chalupnicki, M.A., Sard, N.M., Roseman, E.F. and Prindle, S.E., 2022. Contemporary spatial extent and environmental drivers of larval coregonine distributions across Lake Ontario. Journal of Great Lakes Research, 48(2), pp.359-370.","larvae",86
NA,NA,NA,NA,NA,44.146,-77.192,NA,"LWF","possible spawning","Brown, T.A., Sethi, S.A., Rudstam, L.G., Holden, J.P., Connerton, M.J., Gorsky, D., Karboski, C.T., Chalupnicki, M.A., Sard, N.M., Roseman, E.F. and Prindle, S.E., 2022. Contemporary spatial extent and environmental drivers of larval coregonine distributions across Lake Ontario. Journal of Great Lakes Research, 48(2), pp.359-370.","larvae",87
NA,NA,NA,NA,NA,44.2,-77.017,NA,"LWF","possible spawning","Brown, T.A., Sethi, S.A., Rudstam, L.G., Holden, J.P., Connerton, M.J., Gorsky, D., Karboski, C.T., Chalupnicki, M.A., Sard, N.M., Roseman, E.F. and Prindle, S.E., 2022. Contemporary spatial extent and environmental drivers of larval coregonine distributions across Lake Ontario. Journal of Great Lakes Research, 48(2), pp.359-370.","larvae",88
NA,NA,NA,NA,NA,44.176,-77.066,NA,"LWF","possible spawning","Brown, T.A., Sethi, S.A., Rudstam, L.G., Holden, J.P., Connerton, M.J., Gorsky, D., Karboski, C.T., Chalupnicki, M.A., Sard, N.M., Roseman, E.F. and Prindle, S.E., 2022. Contemporary spatial extent and environmental drivers of larval coregonine distributions across Lake Ontario. Journal of Great Lakes Research, 48(2), pp.359-370.","larvae",89
NA,NA,NA,NA,NA,44.151,-76.962,NA,"LWF","possible spawning","Brown, T.A., Sethi, S.A., Rudstam, L.G., Holden, J.P., Connerton, M.J., Gorsky, D., Karboski, C.T., Chalupnicki, M.A., Sard, N.M., Roseman, E.F. and Prindle, S.E., 2022. Contemporary spatial extent and environmental drivers of larval coregonine distributions across Lake Ontario. Journal of Great Lakes Research, 48(2), pp.359-370.","larvae",90
NA,NA,NA,NA,NA,44.097,-77.046,NA,"LWF","possible spawning","Brown, T.A., Sethi, S.A., Rudstam, L.G., Holden, J.P., Connerton, M.J., Gorsky, D., Karboski, C.T., Chalupnicki, M.A., Sard, N.M., Roseman, E.F. and Prindle, S.E., 2022. Contemporary spatial extent and environmental drivers of larval coregonine distributions across Lake Ontario. Journal of Great Lakes Research, 48(2), pp.359-370.","larvae",91
NA,NA,NA,NA,NA,44.042,-77.118,NA,"LWF","possible spawning","Brown, T.A., Sethi, S.A., Rudstam, L.G., Holden, J.P., Connerton, M.J., Gorsky, D., Karboski, C.T., Chalupnicki, M.A., Sard, N.M., Roseman, E.F. and Prindle, S.E., 2022. Contemporary spatial extent and environmental drivers of larval coregonine distributions across Lake Ontario. Journal of Great Lakes Research, 48(2), pp.359-370.","larvae",92
NA,NA,NA,NA,NA,44.059,-77.07,NA,"LWF","possible spawning","Brown, T.A., Sethi, S.A., Rudstam, L.G., Holden, J.P., Connerton, M.J., Gorsky, D., Karboski, C.T., Chalupnicki, M.A., Sard, N.M., Roseman, E.F. and Prindle, S.E., 2022. Contemporary spatial extent and environmental drivers of larval coregonine distributions across Lake Ontario. Journal of Great Lakes Research, 48(2), pp.359-370.","larvae",93
NA,NA,NA,NA,NA,44.054,-77.003,NA,"LWF","possible spawning","Brown, T.A., Sethi, S.A., Rudstam, L.G., Holden, J.P., Connerton, M.J., Gorsky, D., Karboski, C.T., Chalupnicki, M.A., Sard, N.M., Roseman, E.F. and Prindle, S.E., 2022. Contemporary spatial extent and environmental drivers of larval coregonine distributions across Lake Ontario. Journal of Great Lakes Research, 48(2), pp.359-370.","larvae",94
NA,NA,NA,NA,NA,44.123,-76.881,NA,"LWF","possible spawning","Brown, T.A., Sethi, S.A., Rudstam, L.G., Holden, J.P., Connerton, M.J., Gorsky, D., Karboski, C.T., Chalupnicki, M.A., Sard, N.M., Roseman, E.F. and Prindle, S.E., 2022. Contemporary spatial extent and environmental drivers of larval coregonine distributions across Lake Ontario. Journal of Great Lakes Research, 48(2), pp.359-370.","larvae",95
NA,NA,NA,NA,NA,44.108,-76.863,NA,"LWF","possible spawning","Brown, T.A., Sethi, S.A., Rudstam, L.G., Holden, J.P., Connerton, M.J., Gorsky, D., Karboski, C.T., Chalupnicki, M.A., Sard, N.M., Roseman, E.F. and Prindle, S.E., 2022. Contemporary spatial extent and environmental drivers of larval coregonine distributions across Lake Ontario. Journal of Great Lakes Research, 48(2), pp.359-370.","larvae",96
NA,NA,NA,NA,NA,44.079,-76.369,NA,"LWF","possible spawning","Brown, T.A., Sethi, S.A., Rudstam, L.G., Holden, J.P., Connerton, M.J., Gorsky, D., Karboski, C.T., Chalupnicki, M.A., Sard, N.M., Roseman, E.F. and Prindle, S.E., 2022. Contemporary spatial extent and environmental drivers of larval coregonine distributions across Lake Ontario. Journal of Great Lakes Research, 48(2), pp.359-370.","larvae",97
NA,NA,NA,NA,NA,44.086,-76.354,NA,"LWF","possible spawning","Brown, T.A., Sethi, S.A., Rudstam, L.G., Holden, J.P., Connerton, M.J., Gorsky, D., Karboski, C.T., Chalupnicki, M.A., Sard, N.M., Roseman, E.F. and Prindle, S.E., 2022. Contemporary spatial extent and environmental drivers of larval coregonine distributions across Lake Ontario. Journal of Great Lakes Research, 48(2), pp.359-370.","larvae",98
NA,NA,NA,NA,NA,44.032,-76.35,NA,"LWF","possible spawning","Brown, T.A., Sethi, S.A., Rudstam, L.G., Holden, J.P., Connerton, M.J., Gorsky, D., Karboski, C.T., Chalupnicki, M.A., Sard, N.M., Roseman, E.F. and Prindle, S.E., 2022. Contemporary spatial extent and environmental drivers of larval coregonine distributions across Lake Ontario. Journal of Great Lakes Research, 48(2), pp.359-370.","larvae",99
NA,NA,NA,NA,NA,44.049,-76.213,NA,"LWF","possible spawning","Brown, T.A., Sethi, S.A., Rudstam, L.G., Holden, J.P., Connerton, M.J., Gorsky, D., Karboski, C.T., Chalupnicki, M.A., Sard, N.M., Roseman, E.F. and Prindle, S.E., 2022. Contemporary spatial extent and environmental drivers of larval coregonine distributions across Lake Ontario. Journal of Great Lakes Research, 48(2), pp.359-370.","larvae",100
NA,NA,NA,NA,NA,44.065,-76.15,NA,"LWF","possible spawning","Brown, T.A., Sethi, S.A., Rudstam, L.G., Holden, J.P., Connerton, M.J., Gorsky, D., Karboski, C.T., Chalupnicki, M.A., Sard, N.M., Roseman, E.F. and Prindle, S.E., 2022. Contemporary spatial extent and environmental drivers of larval coregonine distributions across Lake Ontario. Journal of Great Lakes Research, 48(2), pp.359-370.","larvae",101
NA,NA,NA,NA,NA,43.982,-76.082,NA,"LWF","possible spawning","Brown, T.A., Sethi, S.A., Rudstam, L.G., Holden, J.P., Connerton, M.J., Gorsky, D., Karboski, C.T., Chalupnicki, M.A., Sard, N.M., Roseman, E.F. and Prindle, S.E., 2022. Contemporary spatial extent and environmental drivers of larval coregonine distributions across Lake Ontario. Journal of Great Lakes Research, 48(2), pp.359-370.","larvae",102
NA,NA,NA,NA,NA,43.956,-76.137,NA,"LWF","possible spawning","Brown, T.A., Sethi, S.A., Rudstam, L.G., Holden, J.P., Connerton, M.J., Gorsky, D., Karboski, C.T., Chalupnicki, M.A., Sard, N.M., Roseman, E.F. and Prindle, S.E., 2022. Contemporary spatial extent and environmental drivers of larval coregonine distributions across Lake Ontario. Journal of Great Lakes Research, 48(2), pp.359-370.","larvae",103
NA,NA,NA,NA,NA,43.903,-76.141,NA,"LWF","possible spawning","Brown, T.A., Sethi, S.A., Rudstam, L.G., Holden, J.P., Connerton, M.J., Gorsky, D., Karboski, C.T., Chalupnicki, M.A., Sard, N.M., Roseman, E.F. and Prindle, S.E., 2022. Contemporary spatial extent and environmental drivers of larval coregonine distributions across Lake Ontario. Journal of Great Lakes Research, 48(2), pp.359-370.","larvae",104
NA,NA,NA,NA,NA,43.878,-76.19,NA,"LWF","possible spawning","Brown, T.A., Sethi, S.A., Rudstam, L.G., Holden, J.P., Connerton, M.J., Gorsky, D., Karboski, C.T., Chalupnicki, M.A., Sard, N.M., Roseman, E.F. and Prindle, S.E., 2022. Contemporary spatial extent and environmental drivers of larval coregonine distributions across Lake Ontario. Journal of Great Lakes Research, 48(2), pp.359-370.","larvae",105
NA,NA,NA,NA,NA,44.041,-76.197,NA,"LWF","spawning"," McKenna and Johnson (2009). Herrick Shoal ","suspected spawning adults",106
NA,NA,NA,NA,NA,44.051,-76.163,NA,"LWF","spawning"," McKenna and Johnson (2009). Johnson Shoal ","suspected spawning adults",107
NA,NA,NA,NA,NA,44.062,-76.233,NA,"LWF","possible spawning"," McKenna and Johnson (2009). ","larvae",108
NA,NA,NA,NA,NA,44.056,-76.154,NA,"LWF","possible spawning"," McKenna and Johnson (2009). ","larvae",109
NA,NA,NA,NA,NA,44.058,-76.163,NA,"LWF","possible spawning"," McKenna and Johnson (2009). ","larvae",110
NA,NA,NA,NA,NA,44.046,-76.172,NA,"LWF","possible spawning"," McKenna and Johnson (2009). ","larvae",111
NA,NA,NA,NA,NA,43.996,-76.198,NA,"LWF","possible spawning"," McKenna and Johnson (2009). ","larvae",112
NA,NA,NA,NA,NA,43.83737408,-77.15442062,NA,"LWF","spawning","MNR; personal communication Tim Johnson set gill nets; fish are abundant and ripe","adults",117
NA,NA,NA,NA,NA,43.85417985,-77.20500868,NA,"LWF","spawning","MNR; personal communication Tim Johnson set gill nets; fish are abundant and ripe","adults",118
