"FISH_ID","OP_DATE","DAY","MONTH","YEAR","LAT_DD","LON_DD","MATURITY_NAME","SPECIES","DESIGNATION","SOURCE","EVIDENCE","ID"
120894,"08-NOV-16","08","NOV","16",43.512407,-76.460132,"Mature","CIS","possible spawning","RVCATver3.0","spawning month",NA
223078,"08-NOV-18","08","NOV","18",43.896233,-76.206417,"Mature","CIS","possible spawning","RVCATver3.0","spawning month",NA
226125,"12-NOV-18","12","NOV","18",43.990367,-76.202783,"Mature","CIS","possible spawning","RVCATver3.0","spawning month",NA
223328,"12-NOV-18","12","NOV","18",44.032833,-76.218767,NA,"CIS","possible spawning","RVCATver3.0","spawning month",NA
223404,"12-NOV-18","12","NOV","18",44.041217,-76.234867,NA,"CIS","possible spawning","RVCATver3.0","spawning month",NA
223407,"12-NOV-18","12","NOV","18",44.0254,-76.200017,"Mature","CIS","possible spawning","RVCATver3.0","spawning month",NA
223488,"15-NOV-18","15","NOV","18",44.05875,-76.173367,"Mature","CIS","possible spawning","RVCATver3.0","spawning month",NA
223502,"19-NOV-18","19","NOV","18",43.95795,-76.266933,NA,"CIS","possible spawning","RVCATver3.0","spawning month",NA
223524,"19-NOV-18","19","NOV","18",43.9581,-76.266483,NA,"CIS","possible spawning","RVCATver3.0","spawning month",NA
223549,"15-NOV-18","15","NOV","18",44.052583,-76.159317,"Mature","CIS","possible spawning","RVCATver3.0","spawning month",NA
223568,"15-NOV-18","15","NOV","18",44.017833,-76.21385,"Mature","CIS","possible spawning","RVCATver3.0","spawning month",NA
223585,"15-NOV-18","15","NOV","18",44.06755,-76.214017,"Mature","CIS","possible spawning","RVCATver3.0","spawning month",NA
223702,"19-NOV-18","19","NOV","18",43.90635,-76.219283,"Mature","CIS","possible spawning","RVCATver3.0","spawning month",NA
223729,"04-DEC-18","04","DEC","18",44.0421,-76.1959,"Mature","CIS","possible spawning","RVCATver3.0","spawning month",NA
223732,"04-DEC-18","04","DEC","18",44.041967,-76.195567,"Mature","CIS","possible spawning","RVCATver3.0","spawning month",NA
223753,"04-DEC-18","04","DEC","18",44.056967,-76.187233,"Mature","CIS","possible spawning","RVCATver3.0","spawning month",NA
223768,"04-DEC-18","04","DEC","18",44.056867,-76.186867,NA,"CIS","possible spawning","RVCATver3.0","spawning month",NA
223710,"04-DEC-18","04","DEC","18",44.056333,-76.152767,"Mature","CIS","possible spawning","RVCATver3.0","spawning month",NA
223817,"04-DEC-18","04","DEC","18",44.056117,-76.152633,"Mature","CIS","possible spawning","RVCATver3.0","spawning month",NA
223829,"04-DEC-18","04","DEC","18",44.041517,-76.159467,NA,"CIS","possible spawning","RVCATver3.0","spawning month",NA
223835,"04-DEC-18","04","DEC","18",44.0417,-76.1598,"Mature","CIS","possible spawning","RVCATver3.0","spawning month",NA
223840,"04-DEC-18","04","DEC","18",44.047267,-76.170533,"Mature","CIS","possible spawning","RVCATver3.0","spawning month",NA
223859,"04-DEC-18","04","DEC","18",44.047,-76.170267,"Mature","CIS","possible spawning","RVCATver3.0","spawning month",NA
223878,"04-DEC-18","04","DEC","18",44.060367,-76.245483,"Mature","CIS","possible spawning","RVCATver3.0","spawning month",NA
223888,"04-DEC-18","04","DEC","18",44.060383,-76.245067,"Mature","CIS","possible spawning","RVCATver3.0","spawning month",NA
226126,"04-DEC-18","04","DEC","18",44.053567,-76.260433,"Mature","CIS","possible spawning","RVCATver3.0","spawning month",NA
223920,"04-DEC-18","04","DEC","18",44.053333,-76.2601,"Mature","CIS","possible spawning","RVCATver3.0","spawning month",NA
223942,"04-DEC-18","04","DEC","18",44.022267,-76.265283,NA,"CIS","possible spawning","RVCATver3.0","spawning month",NA
223948,"04-DEC-18","04","DEC","18",44.022567,-76.25695,NA,"CIS","possible spawning","RVCATver3.0","spawning month",NA
224309,"29-NOV-18","29","NOV","18",43.26105,-76.961683,"Mature","CIS","possible spawning","RVCATver3.0","spawning month",NA
224897,"15-NOV-18","15","NOV","18",43.319533,-76.709983,NA,"CIS","possible spawning","RVCATver3.0","spawning month",NA
225190,"13-NOV-18","13","NOV","18",43.26605,-76.960533,"Mature","CIS","possible spawning","RVCATver3.0","spawning month",NA
225938,"03-DEC-18","03","DEC","18",43.206083,-77.522283,NA,"CIS","possible spawning","RVCATver3.0","spawning month",NA
NA,NA,NA,NA,NA,44.06,-76.1527,NA,"cisco","spawning","George, E.M., Stott, W., Young, B.P., Karboski, C.T., Crabtree, D.L., Roseman, E.F. and Rudstam, L.G., 2017. Confirmation of cisco spawning in Chaumont Bay, Lake Ontario using an egg pumping device. Journal of Great Lakes Research, 43(3), pp.204-208.","eggs",1
NA,NA,NA,NA,NA,44.0547,-76.159,NA,"cisco","spawning","George, E.M., Stott, W., Young, B.P., Karboski, C.T., Crabtree, D.L., Roseman, E.F. and Rudstam, L.G., 2017. Confirmation of cisco spawning in Chaumont Bay, Lake Ontario using an egg pumping device. Journal of Great Lakes Research, 43(3), pp.204-208.","eggs",2
NA,NA,NA,NA,NA,44.0543,-76.1553,NA,"cisco","spawning","George, E.M., Stott, W., Young, B.P., Karboski, C.T., Crabtree, D.L., Roseman, E.F. and Rudstam, L.G., 2017. Confirmation of cisco spawning in Chaumont Bay, Lake Ontario using an egg pumping device. Journal of Great Lakes Research, 43(3), pp.204-208.","eggs",3
NA,NA,NA,NA,NA,44.0527,-76.161,NA,"cisco","spawning","George, E.M., Stott, W., Young, B.P., Karboski, C.T., Crabtree, D.L., Roseman, E.F. and Rudstam, L.G., 2017. Confirmation of cisco spawning in Chaumont Bay, Lake Ontario using an egg pumping device. Journal of Great Lakes Research, 43(3), pp.204-208.","eggs",4
NA,NA,NA,NA,NA,44.0507,-76.1635,NA,"cisco","spawning","George, E.M., Stott, W., Young, B.P., Karboski, C.T., Crabtree, D.L., Roseman, E.F. and Rudstam, L.G., 2017. Confirmation of cisco spawning in Chaumont Bay, Lake Ontario using an egg pumping device. Journal of Great Lakes Research, 43(3), pp.204-208.","eggs",5
NA,NA,NA,NA,NA,44.0453,-76.1719,NA,"cisco","spawning","George, E.M., Stott, W., Young, B.P., Karboski, C.T., Crabtree, D.L., Roseman, E.F. and Rudstam, L.G., 2017. Confirmation of cisco spawning in Chaumont Bay, Lake Ontario using an egg pumping device. Journal of Great Lakes Research, 43(3), pp.204-208.","eggs",6
NA,NA,NA,NA,NA,44.0393,-76.184,NA,"cisco","spawning","George, E.M., Stott, W., Young, B.P., Karboski, C.T., Crabtree, D.L., Roseman, E.F. and Rudstam, L.G., 2017. Confirmation of cisco spawning in Chaumont Bay, Lake Ontario using an egg pumping device. Journal of Great Lakes Research, 43(3), pp.204-208.","eggs",7
NA,NA,NA,NA,NA,44.0444,-76.197,NA,"cisco","spawning","George, E.M., Stott, W., Young, B.P., Karboski, C.T., Crabtree, D.L., Roseman, E.F. and Rudstam, L.G., 2017. Confirmation of cisco spawning in Chaumont Bay, Lake Ontario using an egg pumping device. Journal of Great Lakes Research, 43(3), pp.204-208.","eggs",8
NA,NA,NA,NA,NA,44.0541,-76.1566,NA,"cisco","spawning","George, E.M., Stott, W., Young, B.P., Karboski, C.T., Crabtree, D.L., Roseman, E.F. and Rudstam, L.G., 2017. Confirmation of cisco spawning in Chaumont Bay, Lake Ontario using an egg pumping device. Journal of Great Lakes Research, 43(3), pp.204-208.","eggs",9
NA,NA,NA,NA,NA,44.0586,-76.1506,NA,"cisco","spawning","Paufve, M.R., Sethi, S.A., Weidel, B.C., Lantry, B.F., Yule, D.L., Rudstam, L.G., Jonas, J.L., Berglund, E., Connerton, M.J., Gorsky, D. and Herbert, M.E., 2022. Diversity in spawning habitat use among Great Lakes Cisco populations. Ecology of Freshwater Fish, 31(2), pp.379-388.","eggs",10
NA,NA,NA,NA,NA,44.0581,-76.156,NA,"cisco","spawning","Paufve, M.R., Sethi, S.A., Weidel, B.C., Lantry, B.F., Yule, D.L., Rudstam, L.G., Jonas, J.L., Berglund, E., Connerton, M.J., Gorsky, D. and Herbert, M.E., 2022. Diversity in spawning habitat use among Great Lakes Cisco populations. Ecology of Freshwater Fish, 31(2), pp.379-388.","eggs",11
NA,NA,NA,NA,NA,44.0561,-76.1529,NA,"cisco","spawning","Paufve, M.R., Sethi, S.A., Weidel, B.C., Lantry, B.F., Yule, D.L., Rudstam, L.G., Jonas, J.L., Berglund, E., Connerton, M.J., Gorsky, D. and Herbert, M.E., 2022. Diversity in spawning habitat use among Great Lakes Cisco populations. Ecology of Freshwater Fish, 31(2), pp.379-388.","eggs",12
NA,NA,NA,NA,NA,44.0544,-76.1559,NA,"cisco","spawning","Paufve, M.R., Sethi, S.A., Weidel, B.C., Lantry, B.F., Yule, D.L., Rudstam, L.G., Jonas, J.L., Berglund, E., Connerton, M.J., Gorsky, D. and Herbert, M.E., 2022. Diversity in spawning habitat use among Great Lakes Cisco populations. Ecology of Freshwater Fish, 31(2), pp.379-388.","eggs",13
NA,NA,NA,NA,NA,44.0555,-76.1596,NA,"cisco","spawning","Paufve, M.R., Sethi, S.A., Weidel, B.C., Lantry, B.F., Yule, D.L., Rudstam, L.G., Jonas, J.L., Berglund, E., Connerton, M.J., Gorsky, D. and Herbert, M.E., 2022. Diversity in spawning habitat use among Great Lakes Cisco populations. Ecology of Freshwater Fish, 31(2), pp.379-388.","eggs",14
NA,NA,NA,NA,NA,44.0509,-76.164,NA,"cisco","spawning","Paufve, M.R., Sethi, S.A., Weidel, B.C., Lantry, B.F., Yule, D.L., Rudstam, L.G., Jonas, J.L., Berglund, E., Connerton, M.J., Gorsky, D. and Herbert, M.E., 2022. Diversity in spawning habitat use among Great Lakes Cisco populations. Ecology of Freshwater Fish, 31(2), pp.379-388.","eggs",15
NA,NA,NA,NA,NA,44.0396,-76.1714,NA,"cisco","spawning","Paufve, M.R., Sethi, S.A., Weidel, B.C., Lantry, B.F., Yule, D.L., Rudstam, L.G., Jonas, J.L., Berglund, E., Connerton, M.J., Gorsky, D. and Herbert, M.E., 2022. Diversity in spawning habitat use among Great Lakes Cisco populations. Ecology of Freshwater Fish, 31(2), pp.379-388.","eggs",16
NA,NA,NA,NA,NA,44.0329,-76.1826,NA,"cisco","spawning","Paufve, M.R., Sethi, S.A., Weidel, B.C., Lantry, B.F., Yule, D.L., Rudstam, L.G., Jonas, J.L., Berglund, E., Connerton, M.J., Gorsky, D. and Herbert, M.E., 2022. Diversity in spawning habitat use among Great Lakes Cisco populations. Ecology of Freshwater Fish, 31(2), pp.379-388.","eggs",17
NA,NA,NA,NA,NA,44.0406,-76.1984,NA,"cisco","spawning","Paufve, M.R., Sethi, S.A., Weidel, B.C., Lantry, B.F., Yule, D.L., Rudstam, L.G., Jonas, J.L., Berglund, E., Connerton, M.J., Gorsky, D. and Herbert, M.E., 2022. Diversity in spawning habitat use among Great Lakes Cisco populations. Ecology of Freshwater Fish, 31(2), pp.379-388.","eggs",18
NA,NA,NA,NA,NA,44.0567,-76.2124,NA,"cisco","spawning","Gatch, A.J., Gorsky, D., Weidel, B.C., Biesinger, Z.F., Connerton, M.J., Davis, C., Lachance, H. and O'Malley, B.P., 2023. Seasonal habitat utilization provides evidence for site fidelity during both spawn and non-spawning seasons in Lake Ontario cisco Coregonus artedi. Journal of Great Lakes Research, 49(5), pp.1045-1058.","eggs",19
NA,NA,NA,NA,NA,44.0296,-76.2066,NA,"cisco","spawning","Gatch, A.J., Gorsky, D., Weidel, B.C., Biesinger, Z.F., Connerton, M.J., Davis, C., Lachance, H. and O'Malley, B.P., 2023. Seasonal habitat utilization provides evidence for site fidelity during both spawn and non-spawning seasons in Lake Ontario cisco Coregonus artedi. Journal of Great Lakes Research, 49(5), pp.1045-1058.","eggs",20
NA,NA,NA,NA,NA,44.0533,-76.1597,NA,"cisco","spawning","Gatch, A.J., Gorsky, D., Weidel, B.C., Biesinger, Z.F., Connerton, M.J., Davis, C., Lachance, H. and O'Malley, B.P., 2023. Seasonal habitat utilization provides evidence for site fidelity during both spawn and non-spawning seasons in Lake Ontario cisco Coregonus artedi. Journal of Great Lakes Research, 49(5), pp.1045-1058.","eggs",21
NA,NA,NA,NA,NA,44.0508,-76.187,NA,"cisco","spawning","Gatch, A.J., Gorsky, D., Weidel, B.C., Biesinger, Z.F., Connerton, M.J., Davis, C., Lachance, H. and O'Malley, B.P., 2023. Seasonal habitat utilization provides evidence for site fidelity during both spawn and non-spawning seasons in Lake Ontario cisco Coregonus artedi. Journal of Great Lakes Research, 49(5), pp.1045-1058.","eggs",22
NA,NA,NA,NA,NA,44.0556,-76.1933,NA,"cisco","spawning","Gatch, A.J., Gorsky, D., Weidel, B.C., Biesinger, Z.F., Connerton, M.J., Davis, C., Lachance, H. and O'Malley, B.P., 2023. Seasonal habitat utilization provides evidence for site fidelity during both spawn and non-spawning seasons in Lake Ontario cisco Coregonus artedi. Journal of Great Lakes Research, 49(5), pp.1045-1058.","eggs",23
NA,NA,NA,NA,NA,43.2135,-77.5344,NA,"cisco","possible spawning","Brown, T.A., Sethi, S.A., Rudstam, L.G., Holden, J.P., Connerton, M.J., Gorsky, D., Karboski, C.T., Chalupnicki, M.A., Sard, N.M., Roseman, E.F. and Prindle, S.E., 2022. Contemporary spatial extent and environmental drivers of larval coregonine distributions across Lake Ontario. Journal of Great Lakes Research, 48(2), pp.359-370.","larvae",25
NA,NA,NA,NA,NA,43.2528,-76.956,NA,"cisco","possible spawning","Brown, T.A., Sethi, S.A., Rudstam, L.G., Holden, J.P., Connerton, M.J., Gorsky, D., Karboski, C.T., Chalupnicki, M.A., Sard, N.M., Roseman, E.F. and Prindle, S.E., 2022. Contemporary spatial extent and environmental drivers of larval coregonine distributions across Lake Ontario. Journal of Great Lakes Research, 48(2), pp.359-370.","larvae",26
NA,NA,NA,NA,NA,43.2326,-76.9305,NA,"cisco","possible spawning","Brown, T.A., Sethi, S.A., Rudstam, L.G., Holden, J.P., Connerton, M.J., Gorsky, D., Karboski, C.T., Chalupnicki, M.A., Sard, N.M., Roseman, E.F. and Prindle, S.E., 2022. Contemporary spatial extent and environmental drivers of larval coregonine distributions across Lake Ontario. Journal of Great Lakes Research, 48(2), pp.359-370.","larvae",27
NA,NA,NA,NA,NA,43.2978,-76.8345,NA,"cisco","possible spawning","Brown, T.A., Sethi, S.A., Rudstam, L.G., Holden, J.P., Connerton, M.J., Gorsky, D., Karboski, C.T., Chalupnicki, M.A., Sard, N.M., Roseman, E.F. and Prindle, S.E., 2022. Contemporary spatial extent and environmental drivers of larval coregonine distributions across Lake Ontario. Journal of Great Lakes Research, 48(2), pp.359-370.","larvae",28
NA,NA,NA,NA,NA,43.3312,-76.7101,NA,"cisco","possible spawning","Brown, T.A., Sethi, S.A., Rudstam, L.G., Holden, J.P., Connerton, M.J., Gorsky, D., Karboski, C.T., Chalupnicki, M.A., Sard, N.M., Roseman, E.F. and Prindle, S.E., 2022. Contemporary spatial extent and environmental drivers of larval coregonine distributions across Lake Ontario. Journal of Great Lakes Research, 48(2), pp.359-370.","larvae",29
NA,NA,NA,NA,NA,43.7031,-76.2136,NA,"cisco","possible spawning","Brown, T.A., Sethi, S.A., Rudstam, L.G., Holden, J.P., Connerton, M.J., Gorsky, D., Karboski, C.T., Chalupnicki, M.A., Sard, N.M., Roseman, E.F. and Prindle, S.E., 2022. Contemporary spatial extent and environmental drivers of larval coregonine distributions across Lake Ontario. Journal of Great Lakes Research, 48(2), pp.359-370.","larvae",30
NA,NA,NA,NA,NA,43.8129,-76.2571,NA,"cisco","possible spawning","Brown, T.A., Sethi, S.A., Rudstam, L.G., Holden, J.P., Connerton, M.J., Gorsky, D., Karboski, C.T., Chalupnicki, M.A., Sard, N.M., Roseman, E.F. and Prindle, S.E., 2022. Contemporary spatial extent and environmental drivers of larval coregonine distributions across Lake Ontario. Journal of Great Lakes Research, 48(2), pp.359-370.","larvae",31
NA,NA,NA,NA,NA,43.9113,-76.174,NA,"cisco","possible spawning","Brown, T.A., Sethi, S.A., Rudstam, L.G., Holden, J.P., Connerton, M.J., Gorsky, D., Karboski, C.T., Chalupnicki, M.A., Sard, N.M., Roseman, E.F. and Prindle, S.E., 2022. Contemporary spatial extent and environmental drivers of larval coregonine distributions across Lake Ontario. Journal of Great Lakes Research, 48(2), pp.359-370.","larvae",32
NA,NA,NA,NA,NA,43.9815,-76.0891,NA,"cisco","possible spawning","Brown, T.A., Sethi, S.A., Rudstam, L.G., Holden, J.P., Connerton, M.J., Gorsky, D., Karboski, C.T., Chalupnicki, M.A., Sard, N.M., Roseman, E.F. and Prindle, S.E., 2022. Contemporary spatial extent and environmental drivers of larval coregonine distributions across Lake Ontario. Journal of Great Lakes Research, 48(2), pp.359-370.","larvae",33
NA,NA,NA,NA,NA,44.0379,-76.1829,NA,"cisco","possible spawning","Brown, T.A., Sethi, S.A., Rudstam, L.G., Holden, J.P., Connerton, M.J., Gorsky, D., Karboski, C.T., Chalupnicki, M.A., Sard, N.M., Roseman, E.F. and Prindle, S.E., 2022. Contemporary spatial extent and environmental drivers of larval coregonine distributions across Lake Ontario. Journal of Great Lakes Research, 48(2), pp.359-370.","larvae",34
NA,NA,NA,NA,NA,44.054,-76.3335,NA,"cisco","possible spawning","Brown, T.A., Sethi, S.A., Rudstam, L.G., Holden, J.P., Connerton, M.J., Gorsky, D., Karboski, C.T., Chalupnicki, M.A., Sard, N.M., Roseman, E.F. and Prindle, S.E., 2022. Contemporary spatial extent and environmental drivers of larval coregonine distributions across Lake Ontario. Journal of Great Lakes Research, 48(2), pp.359-370.","larvae",35
NA,NA,NA,NA,NA,44.0265,-76.3329,NA,"cisco","possible spawning","Brown, T.A., Sethi, S.A., Rudstam, L.G., Holden, J.P., Connerton, M.J., Gorsky, D., Karboski, C.T., Chalupnicki, M.A., Sard, N.M., Roseman, E.F. and Prindle, S.E., 2022. Contemporary spatial extent and environmental drivers of larval coregonine distributions across Lake Ontario. Journal of Great Lakes Research, 48(2), pp.359-370.","larvae",36
NA,NA,NA,NA,NA,44.1193,-76.8436,NA,"cisco","possible spawning","Brown, T.A., Sethi, S.A., Rudstam, L.G., Holden, J.P., Connerton, M.J., Gorsky, D., Karboski, C.T., Chalupnicki, M.A., Sard, N.M., Roseman, E.F. and Prindle, S.E., 2022. Contemporary spatial extent and environmental drivers of larval coregonine distributions across Lake Ontario. Journal of Great Lakes Research, 48(2), pp.359-370.","larvae",37
NA,NA,NA,NA,NA,44.092,-76.9251,NA,"cisco","possible spawning","Brown, T.A., Sethi, S.A., Rudstam, L.G., Holden, J.P., Connerton, M.J., Gorsky, D., Karboski, C.T., Chalupnicki, M.A., Sard, N.M., Roseman, E.F. and Prindle, S.E., 2022. Contemporary spatial extent and environmental drivers of larval coregonine distributions across Lake Ontario. Journal of Great Lakes Research, 48(2), pp.359-370.","larvae",38
NA,NA,NA,NA,NA,44.0521,-76.9788,NA,"cisco","possible spawning","Brown, T.A., Sethi, S.A., Rudstam, L.G., Holden, J.P., Connerton, M.J., Gorsky, D., Karboski, C.T., Chalupnicki, M.A., Sard, N.M., Roseman, E.F. and Prindle, S.E., 2022. Contemporary spatial extent and environmental drivers of larval coregonine distributions across Lake Ontario. Journal of Great Lakes Research, 48(2), pp.359-370.","larvae",39
NA,NA,NA,NA,NA,44.0541,-77.0871,NA,"cisco","possible spawning","Brown, T.A., Sethi, S.A., Rudstam, L.G., Holden, J.P., Connerton, M.J., Gorsky, D., Karboski, C.T., Chalupnicki, M.A., Sard, N.M., Roseman, E.F. and Prindle, S.E., 2022. Contemporary spatial extent and environmental drivers of larval coregonine distributions across Lake Ontario. Journal of Great Lakes Research, 48(2), pp.359-370.","larvae",40
NA,NA,NA,NA,NA,44.1208,-77.0709,NA,"cisco","possible spawning","Brown, T.A., Sethi, S.A., Rudstam, L.G., Holden, J.P., Connerton, M.J., Gorsky, D., Karboski, C.T., Chalupnicki, M.A., Sard, N.M., Roseman, E.F. and Prindle, S.E., 2022. Contemporary spatial extent and environmental drivers of larval coregonine distributions across Lake Ontario. Journal of Great Lakes Research, 48(2), pp.359-370.","larvae",41
NA,NA,NA,NA,NA,44.1142,-77.016,NA,"cisco","possible spawning","Brown, T.A., Sethi, S.A., Rudstam, L.G., Holden, J.P., Connerton, M.J., Gorsky, D., Karboski, C.T., Chalupnicki, M.A., Sard, N.M., Roseman, E.F. and Prindle, S.E., 2022. Contemporary spatial extent and environmental drivers of larval coregonine distributions across Lake Ontario. Journal of Great Lakes Research, 48(2), pp.359-370.","larvae",42
NA,NA,NA,NA,NA,44.1692,-77.0561,NA,"cisco","possible spawning","Brown, T.A., Sethi, S.A., Rudstam, L.G., Holden, J.P., Connerton, M.J., Gorsky, D., Karboski, C.T., Chalupnicki, M.A., Sard, N.M., Roseman, E.F. and Prindle, S.E., 2022. Contemporary spatial extent and environmental drivers of larval coregonine distributions across Lake Ontario. Journal of Great Lakes Research, 48(2), pp.359-370.","larvae",43
NA,NA,NA,NA,NA,44.1682,-77.1068,NA,"cisco","possible spawning","Brown, T.A., Sethi, S.A., Rudstam, L.G., Holden, J.P., Connerton, M.J., Gorsky, D., Karboski, C.T., Chalupnicki, M.A., Sard, N.M., Roseman, E.F. and Prindle, S.E., 2022. Contemporary spatial extent and environmental drivers of larval coregonine distributions across Lake Ontario. Journal of Great Lakes Research, 48(2), pp.359-370.","larvae",44
NA,NA,NA,NA,NA,44.1501,-77.1898,NA,"cisco","possible spawning","Brown, T.A., Sethi, S.A., Rudstam, L.G., Holden, J.P., Connerton, M.J., Gorsky, D., Karboski, C.T., Chalupnicki, M.A., Sard, N.M., Roseman, E.F. and Prindle, S.E., 2022. Contemporary spatial extent and environmental drivers of larval coregonine distributions across Lake Ontario. Journal of Great Lakes Research, 48(2), pp.359-370.","larvae",45
NA,NA,NA,NA,NA,44.1622,-77.2679,NA,"cisco","possible spawning","Brown, T.A., Sethi, S.A., Rudstam, L.G., Holden, J.P., Connerton, M.J., Gorsky, D., Karboski, C.T., Chalupnicki, M.A., Sard, N.M., Roseman, E.F. and Prindle, S.E., 2022. Contemporary spatial extent and environmental drivers of larval coregonine distributions across Lake Ontario. Journal of Great Lakes Research, 48(2), pp.359-370.","larvae",46
NA,NA,NA,NA,NA,44.1368,-77.4109,NA,"cisco","possible spawning","Brown, T.A., Sethi, S.A., Rudstam, L.G., Holden, J.P., Connerton, M.J., Gorsky, D., Karboski, C.T., Chalupnicki, M.A., Sard, N.M., Roseman, E.F. and Prindle, S.E., 2022. Contemporary spatial extent and environmental drivers of larval coregonine distributions across Lake Ontario. Journal of Great Lakes Research, 48(2), pp.359-370.","larvae",47
NA,NA,NA,NA,NA,44.1171,-77.4602,NA,"cisco","possible spawning","Brown, T.A., Sethi, S.A., Rudstam, L.G., Holden, J.P., Connerton, M.J., Gorsky, D., Karboski, C.T., Chalupnicki, M.A., Sard, N.M., Roseman, E.F. and Prindle, S.E., 2022. Contemporary spatial extent and environmental drivers of larval coregonine distributions across Lake Ontario. Journal of Great Lakes Research, 48(2), pp.359-370.","larvae",48
NA,NA,NA,NA,NA,44.0872,-77.5714,NA,"cisco","possible spawning","Brown, T.A., Sethi, S.A., Rudstam, L.G., Holden, J.P., Connerton, M.J., Gorsky, D., Karboski, C.T., Chalupnicki, M.A., Sard, N.M., Roseman, E.F. and Prindle, S.E., 2022. Contemporary spatial extent and environmental drivers of larval coregonine distributions across Lake Ontario. Journal of Great Lakes Research, 48(2), pp.359-370.","larvae",49
NA,NA,NA,NA,NA,43.9307,-77.2912,NA,"cisco","possible spawning","Brown, T.A., Sethi, S.A., Rudstam, L.G., Holden, J.P., Connerton, M.J., Gorsky, D., Karboski, C.T., Chalupnicki, M.A., Sard, N.M., Roseman, E.F. and Prindle, S.E., 2022. Contemporary spatial extent and environmental drivers of larval coregonine distributions across Lake Ontario. Journal of Great Lakes Research, 48(2), pp.359-370.","larvae",50
NA,NA,NA,NA,NA,43.9328,-77.2903,NA,"cisco","possible spawning","Brown, T.A., Sethi, S.A., Rudstam, L.G., Holden, J.P., Connerton, M.J., Gorsky, D., Karboski, C.T., Chalupnicki, M.A., Sard, N.M., Roseman, E.F. and Prindle, S.E., 2022. Contemporary spatial extent and environmental drivers of larval coregonine distributions across Lake Ontario. Journal of Great Lakes Research, 48(2), pp.359-370.","larvae",51
NA,NA,NA,NA,NA,44.0105,-77.669,NA,"cisco","possible spawning","Brown, T.A., Sethi, S.A., Rudstam, L.G., Holden, J.P., Connerton, M.J., Gorsky, D., Karboski, C.T., Chalupnicki, M.A., Sard, N.M., Roseman, E.F. and Prindle, S.E., 2022. Contemporary spatial extent and environmental drivers of larval coregonine distributions across Lake Ontario. Journal of Great Lakes Research, 48(2), pp.359-370.","larvae",52
NA,NA,NA,NA,NA,44.0904,-76.3658,NA,"cisco","possible spawning","Brown, T.A., Rudstam, L.G., Holden, J.P., Weidel, B.C., Ackiss, A.S., Ropp, A.J., Chalupnicki, M.A., McKenna Jr, J.E. and Sethi, S.A., 2023. Larval cisco and lake whitefish exhibit high distributional overlap within nursery areas. Ecology of Freshwater Fish.","larvae",53
NA,NA,NA,NA,NA,44.0619,-76.3495,NA,"cisco","possible spawning","Brown, T.A., Rudstam, L.G., Holden, J.P., Weidel, B.C., Ackiss, A.S., Ropp, A.J., Chalupnicki, M.A., McKenna Jr, J.E. and Sethi, S.A., 2023. Larval cisco and lake whitefish exhibit high distributional overlap within nursery areas. Ecology of Freshwater Fish.","larvae",54
NA,NA,NA,NA,NA,44.0372,-76.2414,NA,"cisco","possible spawning","Brown, T.A., Rudstam, L.G., Holden, J.P., Weidel, B.C., Ackiss, A.S., Ropp, A.J., Chalupnicki, M.A., McKenna Jr, J.E. and Sethi, S.A., 2023. Larval cisco and lake whitefish exhibit high distributional overlap within nursery areas. Ecology of Freshwater Fish.","larvae",55
NA,NA,NA,NA,NA,44.0486,-76.1783,NA,"cisco","possible spawning","Brown, T.A., Rudstam, L.G., Holden, J.P., Weidel, B.C., Ackiss, A.S., Ropp, A.J., Chalupnicki, M.A., McKenna Jr, J.E. and Sethi, S.A., 2023. Larval cisco and lake whitefish exhibit high distributional overlap within nursery areas. Ecology of Freshwater Fish.","larvae",56
NA,NA,NA,NA,NA,43.9984,-76.2118,NA,"cisco","possible spawning","Brown, T.A., Rudstam, L.G., Holden, J.P., Weidel, B.C., Ackiss, A.S., Ropp, A.J., Chalupnicki, M.A., McKenna Jr, J.E. and Sethi, S.A., 2023. Larval cisco and lake whitefish exhibit high distributional overlap within nursery areas. Ecology of Freshwater Fish.","larvae",57
NA,NA,NA,NA,NA,44.0146,-76.1511,NA,"cisco","possible spawning","Brown, T.A., Rudstam, L.G., Holden, J.P., Weidel, B.C., Ackiss, A.S., Ropp, A.J., Chalupnicki, M.A., McKenna Jr, J.E. and Sethi, S.A., 2023. Larval cisco and lake whitefish exhibit high distributional overlap within nursery areas. Ecology of Freshwater Fish.","larvae",58
NA,NA,NA,NA,NA,44.029,-76.1506,NA,"cisco","possible spawning","Brown, T.A., Rudstam, L.G., Holden, J.P., Weidel, B.C., Ackiss, A.S., Ropp, A.J., Chalupnicki, M.A., McKenna Jr, J.E. and Sethi, S.A., 2023. Larval cisco and lake whitefish exhibit high distributional overlap within nursery areas. Ecology of Freshwater Fish.","larvae",59
NA,NA,NA,NA,NA,43.9661,-76.1812,NA,"cisco","possible spawning","Brown, T.A., Rudstam, L.G., Holden, J.P., Weidel, B.C., Ackiss, A.S., Ropp, A.J., Chalupnicki, M.A., McKenna Jr, J.E. and Sethi, S.A., 2023. Larval cisco and lake whitefish exhibit high distributional overlap within nursery areas. Ecology of Freshwater Fish.","larvae",60
NA,NA,NA,NA,NA,43.9551,-76.1607,NA,"cisco","possible spawning","Brown, T.A., Rudstam, L.G., Holden, J.P., Weidel, B.C., Ackiss, A.S., Ropp, A.J., Chalupnicki, M.A., McKenna Jr, J.E. and Sethi, S.A., 2023. Larval cisco and lake whitefish exhibit high distributional overlap within nursery areas. Ecology of Freshwater Fish.","larvae",61
NA,NA,NA,NA,NA,43.9637,-76.1258,NA,"cisco","possible spawning","Brown, T.A., Rudstam, L.G., Holden, J.P., Weidel, B.C., Ackiss, A.S., Ropp, A.J., Chalupnicki, M.A., McKenna Jr, J.E. and Sethi, S.A., 2023. Larval cisco and lake whitefish exhibit high distributional overlap within nursery areas. Ecology of Freshwater Fish.","larvae",62
NA,NA,NA,NA,NA,43.9675,-76.1153,NA,"cisco","possible spawning","Brown, T.A., Rudstam, L.G., Holden, J.P., Weidel, B.C., Ackiss, A.S., Ropp, A.J., Chalupnicki, M.A., McKenna Jr, J.E. and Sethi, S.A., 2023. Larval cisco and lake whitefish exhibit high distributional overlap within nursery areas. Ecology of Freshwater Fish.","larvae",63
NA,NA,NA,NA,NA,43.9751,-76.0919,NA,"cisco","possible spawning","Brown, T.A., Rudstam, L.G., Holden, J.P., Weidel, B.C., Ackiss, A.S., Ropp, A.J., Chalupnicki, M.A., McKenna Jr, J.E. and Sethi, S.A., 2023. Larval cisco and lake whitefish exhibit high distributional overlap within nursery areas. Ecology of Freshwater Fish.","larvae",64
NA,NA,NA,NA,NA,43.9757,-76.1062,NA,"cisco","possible spawning","Brown, T.A., Rudstam, L.G., Holden, J.P., Weidel, B.C., Ackiss, A.S., Ropp, A.J., Chalupnicki, M.A., McKenna Jr, J.E. and Sethi, S.A., 2023. Larval cisco and lake whitefish exhibit high distributional overlap within nursery areas. Ecology of Freshwater Fish.","larvae",65
NA,NA,NA,NA,NA,43.9373,-76.1632,NA,"cisco","possible spawning","Brown, T.A., Rudstam, L.G., Holden, J.P., Weidel, B.C., Ackiss, A.S., Ropp, A.J., Chalupnicki, M.A., McKenna Jr, J.E. and Sethi, S.A., 2023. Larval cisco and lake whitefish exhibit high distributional overlap within nursery areas. Ecology of Freshwater Fish.","larvae",66
NA,NA,NA,NA,NA,43.9294,-76.1464,NA,"cisco","possible spawning","Brown, T.A., Rudstam, L.G., Holden, J.P., Weidel, B.C., Ackiss, A.S., Ropp, A.J., Chalupnicki, M.A., McKenna Jr, J.E. and Sethi, S.A., 2023. Larval cisco and lake whitefish exhibit high distributional overlap within nursery areas. Ecology of Freshwater Fish.","larvae",67
NA,NA,NA,NA,NA,43.9194,-76.1584,NA,"cisco","possible spawning","Brown, T.A., Rudstam, L.G., Holden, J.P., Weidel, B.C., Ackiss, A.S., Ropp, A.J., Chalupnicki, M.A., McKenna Jr, J.E. and Sethi, S.A., 2023. Larval cisco and lake whitefish exhibit high distributional overlap within nursery areas. Ecology of Freshwater Fish.","larvae",68
NA,NA,NA,NA,NA,43.8888,-76.1636,NA,"cisco","possible spawning","Brown, T.A., Rudstam, L.G., Holden, J.P., Weidel, B.C., Ackiss, A.S., Ropp, A.J., Chalupnicki, M.A., McKenna Jr, J.E. and Sethi, S.A., 2023. Larval cisco and lake whitefish exhibit high distributional overlap within nursery areas. Ecology of Freshwater Fish.","larvae",69
NA,NA,NA,NA,NA,43.8698,-76.2009,NA,"cisco","possible spawning","Brown, T.A., Rudstam, L.G., Holden, J.P., Weidel, B.C., Ackiss, A.S., Ropp, A.J., Chalupnicki, M.A., McKenna Jr, J.E. and Sethi, S.A., 2023. Larval cisco and lake whitefish exhibit high distributional overlap within nursery areas. Ecology of Freshwater Fish.","larvae",70
NA,NA,NA,NA,NA,43.9019,-76.2057,NA,"cisco","possible spawning","Brown, T.A., Rudstam, L.G., Holden, J.P., Weidel, B.C., Ackiss, A.S., Ropp, A.J., Chalupnicki, M.A., McKenna Jr, J.E. and Sethi, S.A., 2023. Larval cisco and lake whitefish exhibit high distributional overlap within nursery areas. Ecology of Freshwater Fish.","larvae",71
NA,NA,NA,NA,NA,44.0498,-76.1823,NA,"cisco","possible spawning","Brown, T.A., Rudstam, L.G., Holden, J.P., Weidel, B.C., Ackiss, A.S., Ropp, A.J., Chalupnicki, M.A., McKenna Jr, J.E. and Sethi, S.A., 2023. Larval cisco and lake whitefish exhibit high distributional overlap within nursery areas. Ecology of Freshwater Fish.","larvae",72
NA,NA,NA,NA,NA,44.0398,-76.1955,NA,"cisco","spawning","George, E.M., D.L. Crabtree, M.P. Hare, J.M. Lepak, and L. Rudstam, 2018. Identifying research priorities for cisco in Lake Ontario: A workshop summary report. ","adults",76
NA,NA,NA,NA,NA,44.1286,-77.2721,NA,"cisco","spawning","George, E.M., D.L. Crabtree, M.P. Hare, J.M. Lepak, and L. Rudstam, 2018. Identifying research priorities for cisco in Lake Ontario: A workshop summary report. ","adults",77
NA,NA,NA,NA,NA,43.863203,-76.206247,NA,"cisco","spawning","George, E.M., D.L. Crabtree, M.P. Hare, J.M. Lepak, and L. Rudstam, 2018. Identifying research priorities for cisco in Lake Ontario: A workshop summary report. ","eggs",78
